{"cameraMode":{"drawMode":0,"name":"Shaded","section":"Shading Mode"},"sceneLighting":false,"audioPlay":false,"sceneViewState":{"showFog":true,"showMaterialUpdate":false,"showSkybox":false,"showFlares":true,"showImageEffects":true,"showParticleSystems":true},"in2DMode":false,"pivot":{"x":-0.46468424797058108,"y":1.0125726461410523,"z":-34.0202751159668},"rotation":{"x":-0.3334750533103943,"y":0.5716270804405212,"z":-0.27304619550704958,"w":-0.6981995701789856},"size":3.414949893951416,"orthographic":false}