{"cameraMode":{"drawMode":0,"name":"Shaded","section":"Shading Mode"},"sceneLighting":false,"audioPlay":false,"sceneViewState":{"showFog":true,"showMaterialUpdate":false,"showSkybox":false,"showFlares":true,"showImageEffects":true,"showParticleSystems":true},"in2DMode":false,"pivot":{"x":-138.59463500976563,"y":1.4031736850738526,"z":-272.3077697753906},"rotation":{"x":-0.040693290531635287,"y":-0.9043088555335999,"z":0.08854115009307862,"w":-0.4156080186367035},"size":17.451059341430665,"orthographic":false}