{"cameraMode":{"drawMode":0,"name":"Shaded","section":"Shading Mode"},"sceneLighting":false,"audioPlay":false,"sceneViewState":{"showFog":true,"showMaterialUpdate":false,"showSkybox":false,"showFlares":true,"showImageEffects":true,"showParticleSystems":true},"in2DMode":false,"pivot":{"x":-12.229999542236329,"y":0.7462611198425293,"z":-3.860924005508423},"rotation":{"x":-0.41430798172950747,"y":0.4614998698234558,"z":-0.25835731625556948,"w":-0.7406877875328064},"size":7.772715091705322,"orthographic":false}