{"cameraMode":{"drawMode":0,"name":"Shaded","section":"Shading Mode"},"sceneLighting":false,"audioPlay":false,"sceneViewState":{"showFog":true,"showMaterialUpdate":false,"showSkybox":false,"showFlares":true,"showImageEffects":true,"showParticleSystems":true},"in2DMode":false,"pivot":{"x":0.0,"y":1.4337048530578614,"z":0.16367198526859284},"rotation":{"x":0.009892735630273819,"y":-0.9542709589004517,"z":0.29708439111709597,"w":0.0317801795899868},"size":2.7348732948303224,"orthographic":false}