{"cameraMode":{"drawMode":0,"name":"Shaded","section":"Shading Mode"},"sceneLighting":false,"audioPlay":false,"sceneViewState":{"showFog":true,"showMaterialUpdate":false,"showSkybox":false,"showFlares":true,"showImageEffects":true,"showParticleSystems":true},"in2DMode":false,"pivot":{"x":-129.5276641845703,"y":1.2878433465957642,"z":-259.4598693847656},"rotation":{"x":0.06578429043292999,"y":-0.703386664390564,"z":0.06568770855665207,"w":0.7047019600868225},"size":4.524118900299072,"orthographic":false}