{"cameraMode":{"drawMode":0,"name":"Shaded","section":"Shading Mode"},"sceneLighting":false,"audioPlay":false,"sceneViewState":{"showFog":true,"showMaterialUpdate":false,"showSkybox":false,"showFlares":true,"showImageEffects":true,"showParticleSystems":true},"in2DMode":false,"pivot":{"x":0.5441761016845703,"y":1.7814865112304688,"z":0.47096407413482668},"rotation":{"x":-0.10580933839082718,"y":-0.6927509307861328,"z":0.1038554385304451,"w":-0.705772340297699},"size":7.686795711517334,"orthographic":false}