{"cameraMode":{"drawMode":0,"name":"Shaded","section":"Shading Mode"},"sceneLighting":false,"audioPlay":false,"sceneViewState":{"showFog":true,"showMaterialUpdate":false,"showSkybox":false,"showFlares":true,"showImageEffects":true,"showParticleSystems":true},"in2DMode":false,"pivot":{"x":-64.84689331054688,"y":0.992050290107727,"z":-129.5143585205078},"rotation":{"x":-0.13747148215770722,"y":0.6576838493347168,"z":-0.12384098023176193,"w":-0.7302170395851135},"size":703.5935668945313,"orthographic":false}