{"cameraMode":{"drawMode":0,"name":"Shaded","section":"Shading Mode"},"sceneLighting":false,"audioPlay":false,"sceneViewState":{"showFog":true,"showMaterialUpdate":false,"showSkybox":false,"showFlares":true,"showImageEffects":true,"showParticleSystems":true},"in2DMode":false,"pivot":{"x":0.7599999904632568,"y":0.8170000314712524,"z":19.963001251220704},"rotation":{"x":-0.00013978569768369198,"y":-0.9997879862785339,"z":-0.01918778009712696,"w":0.007474350277334452},"size":22.0,"orthographic":false}